{
    "myData": {
        "avg": [
            66.5,
            73.5,
            76.5,
            82.0,
            81.0,
            82.0,
            84.0,
            83.5,
            81.0,
            84.5,
            84.0,
            85.0,
            85.0,
            87.0,
            85.0,
            87.0,
            86.0,
            86.5,
            87.5,   
            86.0,
            86.0,
            83.5,
            86.0,
            85.0,
            82.0,
            81.5,
            84.0,
            83.5,
            88.5,
            80.5,
            85.0,
            84.0,
            82.0,
            86.5,
            82.5,
            84.5,
            82.5,
            85.0,
            81.0,
            81.0,
            81.5,
            81.0,
            79.5,
            80.0,
            79.0,
            77.5,
            74.0,
            79.5,
            77.5,
            76.0
        ],
        "std": [
            5.9371710435189575,
            8.077747210701755,
            4.5,
            5.5677643628300215,
            5.385164807134504,
            4.0,
            4.358898943540674,
            3.905124837953327,
            3.7416573867739413,
            3.5,
            4.358898943540674,
            4.47213595499958,
            3.1622776601683795,
            4.0,
            4.47213595499958,
            3.3166247903554,
            3.0,
            3.905124837953327,
            3.3541019662496847,
            3.7416573867739413,
            3.0,
            5.5,
            3.0,
            3.872983346207417,
            9.273618495495704,
            5.937171043518958,
            5.385164807134504,
            2.29128784747792,
            3.2015621187164243,
            7.88986691902975,
            4.47213595499958,
            4.358898943540674,
            5.5677643628300215,
            3.2015621187164243,
            5.123475382979799,
            4.716990566028302,
            5.123475382979799,
            5.477225575051661,
            7.681145747868608,
            4.358898943540674,
            5.937171043518958,
            7.0,
            6.87386354243376,
            8.660254037844387,
            9.165151389911678,
            6.020797289396148,
            11.357816691600545,
            5.678908345800274,
            6.020797289396148,
            16.55294535724685
        ]
    },
    "gutData": {
        "avg": [
            49.8,
            60.0,
            65.9,
            68.3,
            70.9,
            70.9,
            70.2,
            71.2,
            71.9,
            71.0,
            69.6,
            70.3,
            69.9,
            72.7,
            67.7,
            71.4,
            69.7,
            70.7,
            68.5,
            67.0,
            67.7,
            68.8,
            69.7,
            69.8,
            65.2,
            69.1,
            65.7,
            63.7,
            65.8,
            64.4,
            62.1,
            65.0,
            64.8,
            66.3,
            64.1,
            68.6,
            65.2,
            64.8,
            65.7,
            60.2,
            59.0,
            66.6,
            60.4,
            67.5,
            63.7,
            63.4,
            63.7,
            58.9,
            61.9,
            63.6
        ],
        "std": [
            7.222188034107115,
            5.882176467941097,
            4.253234063627349,
            4.73392015141785,
            3.5341194094144583,
            3.590264614203248,
            3.9949968710876353,
            3.2186953878862163,
            3.269556544854363,
            3.1937438845342623,
            3.9799497484264794,
            2.4515301344262523,
            2.8442925306655784,
            3.2264531609803355,
            4.980963762164909,
            2.7640549922170505,
            4.8999999999999995,
            3.195309061734091,
            3.2326459750489227,
            4.312771730569566,
            4.337049688440288,
            1.7776388834631178,
            6.664082832618453,
            2.9933259094191533,
            7.4806416837060175,
            2.913760456866693,
            3.3778691508109073,
            7.733692520394124,
            3.627671429443411,
            6.069596362197409,
            8.129575634681062,
            6.899275324264136,
            9.47417542586161,
            7.470609078247905,
            7.608547824650904,
            5.71314274283428,
            7.2083285163760396,
            5.844655678480984,
            2.8301943396169813,
            5.775811631277461,
            11.636150566231086,
            5.023942674832189,
            6.2960304954788775,
            4.78016736108685,
            8.307225770376053,
            6.514598989960933,
            5.657738063926255,
            10.103959619871805,
            12.070211265756702,
            5.535341001239218
        ]
    },
    "toma-gutty": {
        "avg": [
            46.45,
            54.6,
            59.45,
            60.0,
            61.3,
            62.5,
            63.55,
            61.75,
            62.7,
            61.8,
            63.95,
            63.6,
            62.8,
            62.7,
            62.95,
            63.0,
            61.9,
            62.4,
            62.65,
            64.15,
            62.45,
            60.9,
            62.75,
            58.6,
            61.95,
            62.15,
            61.7,
            60.25,
            61.2,
            58.65,
            58.8,
            59.0,
            59.05,
            60.4,
            60.15,
            59.85,
            61.7,
            59.7,
            53.4,
            59.15,
            54.4,
            56.7,
            57.05,
            53.8,
            54.1,
            56.7,
            54.55,
            56.5,
            58.75,
            52.8
        ],
        "std": [
            6.787672649737906,
            6.114736298484178,
            4.046294601237037,
            2.863564212655271,
            2.703701166919157,
            2.085665361461421,
            1.6194134740701647,
            1.4186260959111108,
            1.8601075237738274,
            3.2496153618543837,
            1.4221462653327892,
            1.7578395831246947,
            3.1480152477394374,
            3.7229020937972575,
            2.6688012290165046,
            3.0659419433511785,
            2.188606862823929,
            3.813135192987526,
            4.295637321748659,
            2.9073183520213264,
            4.896171974103851,
            4.548626166217663,
            2.0766559657295187,
            7.303423854604087,
            4.384347157787577,
            3.130894440890656,
            4.93051721424842,
            3.5514081714159538,
            3.348133808556642,
            8.532438104082559,
            4.57274534606947,
            5.1478150704935,
            8.113106679934635,
            6.647555941848102,
            4.219300889957958,
            4.733127929815547,
            3.1874754901018436,
            4.556314299957807,
            7.482646590612174,
            4.626283605660163,
            11.721348045340179,
            8.261961026293939,
            9.125376704553078,
            9.894948206029175,
            6.923871749245505,
            6.45445582524197,
            7.7409624724578014,
            5.60357029044876,
            5.455501810099599,
            9.080748867797192
        ]
    }
}